SERIAL NO,NAME,CATEGORY,DESCRIPTION & COLOR,FABRIC,IMAGE,SIZE,PRICE,PRODUCT ID,WEBSITE,PRODUCT URL
1,White Swimming Cap,men-swimwear,"White Swimming Cap,  Speedo, Swimwear Accessories, Accessories, Sporting Goods, Sporting Goods for Unisex, Buy White Swimming Cap Online in India, Buy Swimwear Accessories at best price",,"https://assets.myntassets.com/h_1440,q_100,w_1080/v1/assets/images/productimage/2018/11/24/353c74fb-2f52-449b-ab41-bbf73cb950ca1543036715352-1.jpg",, 699,7933899,Myntra,https://www.myntra.com/swimwear-accessories/speedo/white-swimming-cap/7933899/buy
2,White Swimming Goggles,men-swimwear,"White Swimming Goggles,  Speedo, Swimwear Accessories, Accessories, Sporting Goods, Sporting Goods for Unisex, Buy White Swimming Goggles Online in India, Buy Swimwear Accessories at best price",,"https://assets.myntassets.com/h_1440,q_100,w_1080/v1/assets/images/productimage/2018/11/24/feee140f-67f8-47ce-809c-46e8e7706c011543030678743-1.jpg",, 1999,7925135,Myntra,https://www.myntra.com/swimwear-accessories/speedo/white-swimming-goggles/7925135/buy
3,Blue Swimming Goggle,men-swimwear,"Blue Swimming Goggle,  Speedo, Swimwear Accessories, Accessories, Sporting Goods, Sporting Goods for Unisex, Buy Blue Swimming Goggle Online in India, Buy Swimwear Accessories at best price",,"https://assets.myntassets.com/h_1440,q_100,w_1080/v1/assets/images/productimage/2018/11/24/004eb663-fd15-4b5f-b64e-6d28f96c632c1543034318325-1.jpg",, 1199,7930403,Myntra,https://www.myntra.com/swimwear-accessories/speedo/blue-swimming-goggle/7930403/buy
4,Grey Swimming Goggles,men-swimwear,"Grey Swimming Goggles,  Speedo, Swimwear Accessories, Accessories, Sporting Goods, Sporting Goods for Unisex, Buy Grey Swimming Goggles Online in India, Buy Swimwear Accessories at best price",,"https://assets.myntassets.com/h_1440,q_100,w_1080/v1/assets/images/productimage/2018/11/24/3b412bd4-480c-4a31-ad2a-fb612ab209e01543043726217-1.jpg",, 2499,7939821,Myntra,https://www.myntra.com/swimwear-accessories/speedo/grey-swimming-goggles/7939821/buy
5,Futura Biofuse White Swimming Goggles,men-swimwear,"Futura Biofuse White Swimming Goggles,  Speedo, Swimwear Accessories, Accessories, Sporting Goods, Sporting Goods for Unisex, Buy Futura Biofuse White Swimming Goggles Online in India, Buy Swimwear Accessories at best price",,"https://assets.myntassets.com/h_1440,q_100,w_1080/v1/assets/images/productimage/2018/11/24/bdb5352f-48b3-4c9a-9f54-003f820c12d41543036942141-1.jpg",, 1999,7934191,Myntra,https://www.myntra.com/swimwear-accessories/speedo/futura-biofuse-white-swimming-goggles/7934191/buy
6,Grey Swimming Goggles,men-swimwear,"Grey Swimming Goggles,  Speedo, Swimwear Accessories, Accessories, Sporting Goods, Sporting Goods for Unisex, Buy Grey Swimming Goggles Online in India, Buy Swimwear Accessories at best price",,"https://assets.myntassets.com/h_1440,q_100,w_1080/v1/assets/images/productimage/2018/11/24/f3cd630b-5c41-4032-8bbf-5f5bd37002231543030134719-1.jpg",, 1399,7924429,Myntra,https://www.myntra.com/swimwear-accessories/speedo/grey-swimming-goggles/7924429/buy
7,ADIDAS Originals Men Blue 3 Stripes Swim Shorts DN0159,men-swimwear,"ADIDAS Originals Men Blue 3 Stripes Swim Shorts DN0159,  ADIDAS Originals, Swim Bottoms, Bottomwear, Apparel, Apparel for Men, Buy ADIDAS Originals Men Blue 3 Stripes Swim Shorts DN0159 Online in India, Buy Swim Bottoms at best price",100% polyester ,"https://assets.myntassets.com/h_1440,q_100,w_1080/v1/assets/images/6824027/2018/7/9/eeba03bc-4021-4d96-a129-d743549023ae1531128507571-Adidas-Originals-Men-Blue-3-Stripes-Swim-Shorts-2851531128507490-1.jpg",Regular fit , 2099,6824027,Myntra,https://www.myntra.com/swim-bottoms/adidas-originals/adidas-originals-men-blue-3-stripes-swim-shorts-dn0159/6824027/buy
8,Speedo Kids Blue Silicone AM Swim Cap,men-swimwear,"Speedo Kids Blue Silicone AM Swim Cap,  Speedo, Swimwear Accessories, Accessories, Sporting Goods, Sporting Goods for Unisex, Buy Speedo Kids Blue Silicone AM Swim Cap Online in India, Buy Swimwear Accessories at best price",,"https://assets.myntassets.com/h_1440,q_100,w_1080/v1/assets/images/6674318/2018/9/11/59969799-865b-488c-acbe-c20c5ae7411d1536646328013-Speedo-Kids-Blue-Silicone-AM-Swim-Cap-7441536646327404-1.jpg",, 799,6674318,Myntra,https://www.myntra.com/swimwear-accessories/speedo/speedo-kids-blue-silicone-am-swim-cap/6674318/buy
9,Speedo Men Navy SPEEDBOOST XDRY Printed Swim Shorts ,men-swimwear,"Speedo Men Navy SPEEDBOOST XDRY Printed Swim Shorts ,  Speedo, Swim Bottoms, Bottomwear, Apparel, Apparel for Men, Buy Speedo Men Navy SPEEDBOOST XDRY Printed Swim Shorts  Online in India, Buy Swim Bottoms at best price",,"https://assets.myntassets.com/h_1440,q_100,w_1080/v1/assets/images/2501768/2018/4/26/11524722104575-Speedo-Men-Swim-Bottoms-9471524722104468-1.jpg",, 1499,2501768,Myntra,https://www.myntra.com/swim-bottoms/speedo/speedo-men-navy-speedboost-xdry-printed-swim-shorts-/2501768/buy
10,Speedo Men Black Printed ENERGY BLAST JAMMER Swim Shorts 8MS4110001,men-swimwear,"Speedo Men Black Printed ENERGY BLAST JAMMER Swim Shorts 8MS4110001,  Speedo, Swim Bottoms, Apparel Set, Apparel, Apparel for Men, Buy Speedo Men Black Printed ENERGY BLAST JAMMER Swim Shorts 8MS4110001 Online in India, Buy Swim Bottoms at best price","80% nylon, 20% elastane","https://assets.myntassets.com/h_1440,q_100,w_1080/v1/assets/images/6674294/2018/7/20/b47a012e-3571-4e84-94af-5728346ce06a1532076173623-Speedo-Men-Black-Printed-ENERGY-BLAST-JAMMER-Swim-Shorts-8MS4110001-9101532076173538-1.jpg",The model (height 6') is wearing a size M, 2299,6674294,Myntra,https://www.myntra.com/swim-bottoms/speedo/speedo-men-black-printed-energy-blast-jammer-swim-shorts-8ms4110001/6674294/buy
11,Speedo Men Navy Blue Printed POWERSPRINT PNL ASHT V2 AM Swim Shorts 8045107874,men-swimwear,"Speedo Men Navy Blue Printed POWERSPRINT PNL ASHT V2 AM Swim Shorts 8045107874,  Speedo, Swim Bottoms, Apparel Set, Apparel, Apparel for Men, Buy Speedo Men Navy Blue Printed POWERSPRINT PNL ASHT V2 AM Swim Shorts 8045107874 Online in India, Buy Swim Bottoms at best price",,"https://assets.myntassets.com/h_1440,q_100,w_1080/v1/assets/images/2501448/2018/6/2/26fb5356-b8c8-4f64-86c3-99000f062f9a1527925262036-Speedo-Men-Swimwear-5931527925261918-1.jpg",, 989,2501448,Myntra,https://www.myntra.com/swim-bottoms/speedo/speedo-men-navy-blue-printed-powersprint-pnl-asht-v2-am-swim-shorts-8045107874/2501448/buy
12,Speedo Men Navy Aquaticpro Printed Swim Shorts 8045127875,men-swimwear,"Speedo Men Navy Aquaticpro Printed Swim Shorts 8045127875,  Speedo, Swim Bottoms, Apparel Set, Apparel, Apparel for Men, Buy Speedo Men Navy Aquaticpro Printed Swim Shorts 8045127875 Online in India, Buy Swim Bottoms at best price",,"https://assets.myntassets.com/h_1440,q_100,w_1080/v1/assets/images/2501457/2018/6/18/193723a9-8961-4d7b-91c4-84931ec028711529299413471-Speedo-Men-Swimwear-4781529299412422-1.jpg",, 1364,2501457,Myntra,https://www.myntra.com/swim-bottoms/speedo/speedo-men-navy-aquaticpro-printed-swim-shorts-8045127875/2501457/buy
13,Speedo Unisex Swimming Goggles,men-swimwear,"Speedo Unisex Swimming Goggles,  Speedo, Swimwear Accessories, Accessories, Sporting Goods, Sporting Goods for Unisex, Buy Speedo Unisex Swimming Goggles Online in India, Buy Swimwear Accessories at best price",,"https://assets.myntassets.com/h_1440,q_100,w_1080/v1/assets/images/2284573/2018/2/2/11517568497219-Speedo-Unisex-Swimming-Goggles-2161517568497190-1.jpg",, 2999,2284573,Myntra,https://www.myntra.com/swimwear-accessories/speedo/speedo-unisex-swimming-goggles/2284573/buy
14,Speedo Men Black HOUSTON JAMMER Swim Shorts 8MS4110001,men-swimwear,"Speedo Men Black HOUSTON JAMMER Swim Shorts 8MS4110001,  Speedo, Swim Bottoms, Apparel Set, Apparel, Apparel for Men, Buy Speedo Men Black HOUSTON JAMMER Swim Shorts 8MS4110001 Online in India, Buy Swim Bottoms at best price","80% nylon, 20% elastane","https://assets.myntassets.com/h_1440,q_100,w_1080/v1/assets/images/6674320/2018/7/20/50e1b670-d3fa-4ac8-b216-22bd1313b6061532076620938-Speedo-Men-Black-HOUSTON-JAMMER-Swim-Shorts-8MS4110001-3701532076620791-1.jpg",The model (height 6') is wearing a size M, 949,6674320,Myntra,https://www.myntra.com/swim-bottoms/speedo/speedo-men-black-houston-jammer-swim-shorts-8ms4110001/6674320/buy
15,ADIDAS Originals Men Navy & White Monogram Printed Swim Shorts DH4792,men-swimwear,"ADIDAS Originals Men Navy & White Monogram Printed Swim Shorts DH4792,  ADIDAS Originals, Swim Bottoms, Bottomwear, Apparel, Apparel for Men, Buy ADIDAS Originals Men Navy & White Monogram Printed Swim Shorts DH4792 Online in India, Buy Swim Bottoms at best price",100% polyester,"https://assets.myntassets.com/h_1440,q_100,w_1080/v1/assets/images/7101545/2018/10/8/ba4a5be6-6e66-42bf-a68a-8bedf1d19f6a1538994028722-Adidas-Originals-Men-Navy--White-Monogram-Printed-Swim-Shorts-8201538994028638-1.jpg",The model (height 6') is wearing a size 31, 2099,7101545,Myntra,https://www.myntra.com/swim-bottoms/adidas-originals/adidas-originals-men-navy--white-monogram-printed-swim-shorts-dh4792/7101545/buy
16,Speedo Men Black Printed AM MONOGRAM JAMMER Swim Shorts 8087433503,men-swimwear,"Speedo Men Black Printed AM MONOGRAM JAMMER Swim Shorts 8087433503,  Speedo, Swim Bottoms, Apparel Set, Apparel, Apparel for Men, Buy Speedo Men Black Printed AM MONOGRAM JAMMER Swim Shorts 8087433503 Online in India, Buy Swim Bottoms at best price",,"https://assets.myntassets.com/h_1440,q_100,w_1080/v1/assets/images/2501635/2018/6/2/518e8a71-5471-448b-b74c-ebed691da83d1527922676938-Speedo-Men-Swimwear-7671527922676837-1.jpg",, 746,2501635,Myntra,https://www.myntra.com/swim-bottoms/speedo/speedo-men-black-printed-am-monogram-jammer-swim-shorts-8087433503/2501635/buy
17,Speedo Men Navy Printed Swim Shorts 810378B370,men-swimwear,"Speedo Men Navy Printed Swim Shorts 810378B370,  Speedo, Swimwear, Bottomwear, Apparel, Apparel for Men, Buy Speedo Men Navy Printed Swim Shorts 810378B370 Online in India, Buy Swimwear at best price",,"https://assets.myntassets.com/h_1440,q_100,w_1080/v1/assets/images/1930928/2017/6/8/11496919581191-Speedo-Men-Navy-Printed-Swim-Shorts-810378B370-4501496919627029-1.jpg",, 2399,1930928,Myntra,https://www.myntra.com/swimwear/speedo/speedo-men-navy-printed-swim-shorts-810378b370/1930928/buy
18,Reebok Blue PNL Trunk 2 Swim Shorts BC4466,men-swimwear,"Reebok Blue PNL Trunk 2 Swim Shorts BC4466,  Reebok, Swimwear, Bottomwear, Apparel, Apparel for Men, Buy Reebok Blue PNL Trunk 2 Swim Shorts BC4466 Online in India, Buy Swimwear at best price","80% recycled polyamide, 20% elastane","https://assets.myntassets.com/h_1440,q_100,w_1080/v1/assets/images/1958709/2017/6/23/11498199319472-Reebok-Men-Shorts-2201498199319349-1.jpg",Mid-rise, 1999,1958709,Myntra,https://www.myntra.com/swimwear/reebok/reebok-blue-pnl-trunk-2-swim-shorts-bc4466/1958709/buy
19,Reebok Grey PNL 1 Swim Shorts BC4463,men-swimwear,"Reebok Grey PNL 1 Swim Shorts BC4463,  Reebok, Swimwear, Bottomwear, Apparel, Apparel for Men, Buy Reebok Grey PNL 1 Swim Shorts BC4463 Online in India, Buy Swimwear at best price","80% recycled polyamide, 20% elastane","https://assets.myntassets.com/h_1440,q_100,w_1080/v1/assets/images/1958706/2017/6/23/11498202668889-Reebok-Men-Shorts-2451498202668243-1.jpg",Mid-rise, 1999,1958706,Myntra,https://www.myntra.com/swimwear/reebok/reebok-grey-pnl-1-swim-shorts-bc4463/1958706/buy
20,Reebok Orange PNL Trunk 1 Swim Shorts BC4464,men-swimwear,"Reebok Orange PNL Trunk 1 Swim Shorts BC4464,  Reebok, Swimwear, Bottomwear, Apparel, Apparel for Men, Buy Reebok Orange PNL Trunk 1 Swim Shorts BC4464 Online in India, Buy Swimwear at best price","80% recycled polyamide, 20% elastane","https://assets.myntassets.com/h_1440,q_100,w_1080/v1/assets/images/1958707/2017/6/23/11498200821558-Reebok-Men-Shorts-5331498200821149-1.jpg",Mid-rise, 1999,1958707,Myntra,https://www.myntra.com/swimwear/reebok/reebok-orange-pnl-trunk-1-swim-shorts-bc4464/1958707/buy
21,Speedo Black Swimming Trunks 808742A315,men-swimwear,"Speedo Black Swimming Trunks 808742A315,  Speedo, Swim Bottoms, Apparel Set, Apparel, Apparel for Men, Buy Speedo Black Swimming Trunks 808742A315 Online in India, Buy Swim Bottoms at best price",100% polyester,"https://assets.myntassets.com/h_1440,q_100,w_1080/v1/assets/images/2501733/2018/3/31/11522486190995-Speedo-Men-Swimwear-911522486190839-1.jpg",The model (height 6') is wearing a size 32, 734,2501733,Myntra,https://www.myntra.com/swim-bottoms/speedo/speedo-black-swimming-trunks-808742a315/2501733/buy
22,Mast & Harbour Men Green Solid Regular Fit Swim Shorts,men-swimwear,"Mast & Harbour Men Green Solid Regular Fit Swim Shorts,  Mast & Harbour, Swim Bottoms, Bottomwear, Apparel, Apparel for Men, Buy Mast & Harbour Men Green Solid Regular Fit Swim Shorts Online in India, Buy Swim Bottoms at best price",Polyester ,"https://assets.myntassets.com/h_1440,q_100,w_1080/v1/assets/images/1858231/2017/7/25/11500960009403-Mast--Harbour-Men-Green-Solid-Regular-Fit-Swim-Shorts-8181500960009187-1.jpg",Regular Fit , 599,1858231,Myntra,https://www.myntra.com/swim-bottoms/mast--harbour/mast--harbour-men-green-solid-regular-fit-swim-shorts/1858231/buy
23,Speedo Men Black Printed Swim Shorts 8090299690,men-swimwear,"Speedo Men Black Printed Swim Shorts 8090299690,  Speedo, Swimwear, Bottomwear, Apparel, Apparel for Men, Buy Speedo Men Black Printed Swim Shorts 8090299690 Online in India, Buy Swimwear at best price",,"https://assets.myntassets.com/h_1440,q_100,w_1080/v1/assets/images/1867359/2017/6/8/11496898318986-Speedo-Men-Black-Printed-Swim-Shorts-8090299690-7581496898319145-1.jpg",, 999,1867359,Myntra,https://www.myntra.com/swimwear/speedo/speedo-men-black-printed-swim-shorts-8090299690/1867359/buy
24,Speedo Navy Printed Swimming Trunks 809737A145,men-swimwear,"Speedo Navy Printed Swimming Trunks 809737A145,  Speedo, Swim Bottoms, Apparel Set, Apparel, Apparel for Men, Buy Speedo Navy Printed Swimming Trunks 809737A145 Online in India, Buy Swim Bottoms at best price","80% nylon, 20% elastane","https://assets.myntassets.com/h_1440,q_100,w_1080/v1/assets/images/2501751/2018/4/5/11522906498532-Speedo-Navy-Printed-Swimming-Trunks-809737A145-1691522906498427-1.jpg",The model (height 6') is wearing a size XS, 599,2501751,Myntra,https://www.myntra.com/swim-bottoms/speedo/speedo-navy-printed-swimming-trunks-809737a145/2501751/buy
25,Speedo Navy Solid Swim Bottom 8090297522,men-swimwear,"Speedo Navy Solid Swim Bottom 8090297522,  Speedo, Swim Bottoms, Apparel Set, Apparel, Apparel for Men, Buy Speedo Navy Solid Swim Bottom 8090297522 Online in India, Buy Swim Bottoms at best price","53% polyester, 47% PBT polyester","https://assets.myntassets.com/h_1440,q_100,w_1080/v1/assets/images/2501684/2018/4/5/11522920888487-Speedo-Men-Swimwear-9121522920888279-1.jpg",The model (height 6') is wearing a size M, 584,2501684,Myntra,https://www.myntra.com/swim-bottoms/speedo/speedo-navy-solid-swim-bottom-8090297522/2501684/buy
26,Speedo Men Navy AQUASHORT Swim Shorts 8087428663,men-swimwear,"Speedo Men Navy AQUASHORT Swim Shorts 8087428663,  Speedo, Swim Bottoms, Apparel Set, Apparel, Apparel for Men, Buy Speedo Men Navy AQUASHORT Swim Shorts 8087428663 Online in India, Buy Swim Bottoms at best price",100% polyester,"https://assets.myntassets.com/h_1440,q_100,w_1080/v1/assets/images/2501632/2018/4/23/11524486199774-Speedo-Men-Navy-AQUASHORT-Swim-Shorts-8087428663-3261524486199650-1.jpg",The model (height 6') is wearing a size S, 734,2501632,Myntra,https://www.myntra.com/swim-bottoms/speedo/speedo-men-navy-aquashort-swim-shorts-8087428663/2501632/buy
27,Speedo Purple Solid Swim Bottom 8141117944,men-swimwear,"Speedo Purple Solid Swim Bottom 8141117944,  Speedo, Swim Bottoms, Apparel Set, Apparel, Apparel for Men, Buy Speedo Purple Solid Swim Bottom 8141117944 Online in India, Buy Swim Bottoms at best price","80% nylon, 20% elastane","https://assets.myntassets.com/h_1440,q_100,w_1080/v1/assets/images/2501716/2018/4/5/11522921053984-Speedo-Men-Swimwear-8441522921053763-1.jpg",The model (height 6') is wearing a size M, 699,2501716,Myntra,https://www.myntra.com/swim-bottoms/speedo/speedo-purple-solid-swim-bottom-8141117944/2501716/buy
28,Speedo Men Black AQUASHORT Swim Shorts 808742A270,men-swimwear,"Speedo Men Black AQUASHORT Swim Shorts 808742A270,  Speedo, Swim Bottoms, Apparel Set, Apparel, Apparel for Men, Buy Speedo Men Black AQUASHORT Swim Shorts 808742A270 Online in India, Buy Swim Bottoms at best price","80% nylon, 20% elastance","https://assets.myntassets.com/h_1440,q_100,w_1080/v1/assets/images/2501732/2018/4/23/11524486260785-Speedo-Men-Black-AQUASHORT-Swim-Shorts-808742A270-3061524486260670-1.jpg",The model (height 6') is wearing a size M, 734,2501732,Myntra,https://www.myntra.com/swim-bottoms/speedo/speedo-men-black-aquashort-swim-shorts-808742a270/2501732/buy
29,Speedo Men Navy Blue AQUASHORT Swim Shorts 8045109277,men-swimwear,"Speedo Men Navy Blue AQUASHORT Swim Shorts 8045109277,  Speedo, Swim Bottoms, Apparel Set, Apparel, Apparel for Men, Buy Speedo Men Navy Blue AQUASHORT Swim Shorts 8045109277 Online in India, Buy Swim Bottoms at best price","80% nylon, 20% elastance","https://assets.myntassets.com/h_1440,q_100,w_1080/v1/assets/images/2501453/2018/4/23/11524486174679-Speedo-Men-Navy-AQUASHORT-Swim-Shorts-8045109277-9431524486174583-1.jpg",The model (height 6') is wearing a size M, 569,2501453,Myntra,https://www.myntra.com/swim-bottoms/speedo/speedo-men-navy-blue-aquashort-swim-shorts-8045109277/2501453/buy
30,Speedo Men Navy LOGO CURVE AQUASHORT Swim Shorts 8090355645,men-swimwear,"Speedo Men Navy LOGO CURVE AQUASHORT Swim Shorts 8090355645,  Speedo, Swim Bottoms, Apparel Set, Apparel, Apparel for Men, Buy Speedo Men Navy LOGO CURVE AQUASHORT Swim Shorts 8090355645 Online in India, Buy Swim Bottoms at best price","80% nylon, 20% elastane","https://assets.myntassets.com/h_1440,q_100,w_1080/v1/assets/images/2501692/2018/4/23/11524486223796-Speedo-Men-Navy-LOGO-CURVE-AQUASHORT-Swim-Shorts-8090355645-9221524486223639-1.jpg",The model (height 6') is wearing a size S, 599,2501692,Myntra,https://www.myntra.com/swim-bottoms/speedo/speedo-men-navy-logo-curve-aquashort-swim-shorts-8090355645/2501692/buy
31,Speedo Black Printed Swimming Trunks 8092559152,men-swimwear,"Speedo Black Printed Swimming Trunks 8092559152,  Speedo, Swim Bottoms, Apparel Set, Apparel, Apparel for Men, Buy Speedo Black Printed Swimming Trunks 8092559152 Online in India, Buy Swim Bottoms at best price","80% nylon, 20% elastane","https://assets.myntassets.com/h_1440,q_100,w_1080/v1/assets/images/2501706/2018/4/3/11522759844612-Speedo-Men-Swimwear-4801522759844520-1.jpg",The model (height 6') is wearing a size XS, 779,2501706,Myntra,https://www.myntra.com/swim-bottoms/speedo/speedo-black-printed-swimming-trunks-8092559152/2501706/buy
32,Speedo Men Black & Grey VALMILTON Printed Swim Shorts 8056589202,men-swimwear,"Speedo Men Black & Grey VALMILTON Printed Swim Shorts 8056589202,  Speedo, Swim Bottoms, Apparel Set, Apparel, Apparel for Men, Buy Speedo Men Black & Grey VALMILTON Printed Swim Shorts 8056589202 Online in India, Buy Swim Bottoms at best price",,"https://assets.myntassets.com/h_1440,q_100,w_1080/v1/assets/images/2501531/2018/6/2/01b580c2-8123-44f9-bf29-4b9a4824c5121527924814360-Speedo-Men-Swimwear-7041527924814273-1.jpg",, 799,2501531,Myntra,https://www.myntra.com/swim-bottoms/speedo/speedo-men-black--grey-valmilton-printed-swim-shorts-8056589202/2501531/buy
33,Speedo Men Grey & Red Monogram Aqua Printed Swim Shorts 8087428555,men-swimwear,"Speedo Men Grey & Red Monogram Aqua Printed Swim Shorts 8087428555,  Speedo, Swim Bottoms, Apparel Set, Apparel, Apparel for Men, Buy Speedo Men Grey & Red Monogram Aqua Printed Swim Shorts 8087428555 Online in India, Buy Swim Bottoms at best price",,"https://assets.myntassets.com/h_1440,q_100,w_1080/v1/assets/images/2501630/2018/6/2/fc11c7fd-05b1-4083-934e-92bb7a421eff1527925115478-Speedo-Men-Swimwear-4831527925115380-1.jpg",, 734,2501630,Myntra,https://www.myntra.com/swim-bottoms/speedo/speedo-men-grey--red-monogram-aqua-printed-swim-shorts-8087428555/2501630/buy
34,Speedo Men Navy Blue Printed Alexandra Aquashort NEW SURF Swim Shorts 8053758664,men-swimwear,"Speedo Men Navy Blue Printed Alexandra Aquashort NEW SURF Swim Shorts 8053758664,  Speedo, Swim Bottoms, Apparel Set, Apparel, Apparel for Men, Buy Speedo Men Navy Blue Printed Alexandra Aquashort NEW SURF Swim Shorts 8053758664 Online in India, Buy Swim Bottoms at best price",,"https://assets.myntassets.com/h_1440,q_100,w_1080/v1/assets/images/2501471/2018/6/2/3aa5a868-3c59-4a70-8178-b4a42a4e38ec1527923094873-Speedo-Men-Swimwear-4471527923094051-1.jpg",, 519,2501471,Myntra,https://www.myntra.com/swim-bottoms/speedo/speedo-men-navy-blue-printed-alexandra-aquashort-new-surf-swim-shorts-8053758664/2501471/buy
35,Speedo Men Navy Blue Monogram Aquashorts Swim Shorts 808742A324,men-swimwear,"Speedo Men Navy Blue Monogram Aquashorts Swim Shorts 808742A324,  Speedo, Swim Bottoms, Apparel Set, Apparel, Apparel for Men, Buy Speedo Men Navy Blue Monogram Aquashorts Swim Shorts 808742A324 Online in India, Buy Swim Bottoms at best price",,"https://assets.myntassets.com/h_1440,q_100,w_1080/v1/assets/images/2501734/2018/6/2/f787cbb5-2cff-4c05-8c41-548639e7c83e1527928067603-Speedo-Men-Swimwear-3441527928066946-1.jpg",, 734,2501734,Myntra,https://www.myntra.com/swim-bottoms/speedo/speedo-men-navy-blue-monogram-aquashorts-swim-shorts-808742a324/2501734/buy
36,Speedo Men Navy Blue MONOGRAM Printed Swim Briefs 808741A145,men-swimwear,"Speedo Men Navy Blue MONOGRAM Printed Swim Briefs 808741A145,  Speedo, Swim Bottoms, Apparel Set, Apparel, Apparel for Men, Buy Speedo Men Navy Blue MONOGRAM Printed Swim Briefs 808741A145 Online in India, Buy Swim Bottoms at best price",,"https://assets.myntassets.com/h_1440,q_100,w_1080/v1/assets/images/2501728/2018/6/2/3c4111f8-3933-4109-9013-d62b0fd377b61527924730413-Speedo-Men-Swimwear-9781527924730306-1.jpg",, 699,2501728,Myntra,https://www.myntra.com/swim-bottoms/speedo/speedo-men-navy-blue-monogram-printed-swim-briefs-808741a145/2501728/buy
37,Calvin Klein Innerwear Men Red Printed Swim Shorts KM00112601,men-swimwear,"Calvin Klein Innerwear Men Red Printed Swim Shorts KM00112601,  Calvin Klein Underwear, Swim Bottoms, Bottomwear, Apparel, Apparel for Men, Buy Calvin Klein Innerwear Men Red Printed Swim Shorts KM00112601 Online in India, Buy Swim Bottoms at best price","80% polyamide, 20% elastane","https://assets.myntassets.com/h_1440,q_100,w_1080/v1/assets/images/6633658/2018/6/20/8c5f6c35-9247-4207-a481-0e11509b860a1529489941009-Calvin-Klein-Innerwear-Men-Red-Printed-Swim-Shorts-KM0011260-1.jpg",The model (height 6') is wearing a size 32, 2199,6633658,Myntra,https://www.myntra.com/swim-bottoms/calvin-klein-underwear/calvin-klein-innerwear-men-red-printed-swim-shorts-km00112601/6633658/buy
38,Speedo Men Printed Black Monogram Aquashort Swim Shorts 8087428966,men-swimwear,"Speedo Men Printed Black Monogram Aquashort Swim Shorts 8087428966,  Speedo, Swim Bottoms, Apparel Set, Apparel, Apparel for Men, Buy Speedo Men Printed Black Monogram Aquashort Swim Shorts 8087428966 Online in India, Buy Swim Bottoms at best price",,"https://assets.myntassets.com/h_1440,q_100,w_1080/v1/assets/images/2501633/2018/6/1/0c682b58-848f-4502-994b-aaa3b7b2abe71527837563311-Speedo-Men-Swimwear-9841527837563209-1.jpg",, 734,2501633,Myntra,https://www.myntra.com/swim-bottoms/speedo/speedo-men-printed-black-monogram-aquashort-swim-shorts-8087428966/2501633/buy
39,Superdry Men Black Printed Swim Shorts M30000HQ,men-swimwear,"Superdry Men Black Printed Swim Shorts M30000HQ,  Superdry, Swim Bottoms, Bottomwear, Apparel, Apparel for Men, Buy Superdry Men Black Printed Swim Shorts M30000HQ Online in India, Buy Swim Bottoms at best price",100% polyester,"https://assets.myntassets.com/h_1440,q_100,w_1080/v1/assets/images/5799413/2018/6/8/d3acdd84-a082-41bb-a65b-dc879f28f5991528451230824-Superdry-Men-Black-Deep-Water-Board-Shorts-M30000HQ-71528451230641-1.jpg",The model (height 6') is wearing a size M, 3990,5799413,Myntra,https://www.myntra.com/swim-bottoms/superdry/superdry-men-black-printed-swim-shorts-m30000hq/5799413/buy
40,Speedo Men Black Rapidturn Aquashort Swim Shorts 8090219001,men-swimwear,"Speedo Men Black Rapidturn Aquashort Swim Shorts 8090219001,  Speedo, Swim Bottoms, Apparel Set, Apparel, Apparel for Men, Buy Speedo Men Black Rapidturn Aquashort Swim Shorts 8090219001 Online in India, Buy Swim Bottoms at best price","80% nylon, 20% elastane","https://assets.myntassets.com/h_1440,q_100,w_1080/v1/assets/images/2501682/2018/4/23/11524486212205-Speedo-Men-Black-Rapidturn-Aquashort-Swim-Shorts-8090219001-4551524486212080-1.jpg",The model (height 6') is wearing a size S, 649,2501682,Myntra,https://www.myntra.com/swim-bottoms/speedo/speedo-men-black-rapidturn-aquashort-swim-shorts-8090219001/2501682/buy
41,next Men Blue Printed Swim Shorts 7682577934571765610,men-swimwear,"Next Men Blue Printed Swim Shorts 7682577934571765610,  Next, Swimwear, Bottomwear, Apparel, Apparel for Men, Buy Next Men Blue Printed Swim Shorts 7682577934571765610 Online in India, Buy Swimwear at best price",Polyester ,"https://assets.myntassets.com/h_1440,q_100,w_1080/v1/assets/images/1885351/2017/5/4/11493886164891-next-Men-Swimwear-2321493886164861-1.jpg",The model (height 6') is wearing a size M, 1463,1885351,Myntra,https://www.myntra.com/swimwear/next/next-men-blue-printed-swim-shorts-7682577934571765610/1885351/buy
42,kappa Men Black & Red Colourblocked Swim Bottoms KP SS18 COCO,men-swimwear,"Kappa Men Black & Red Colourblocked Swim Bottoms KP SS18 COCO,  Kappa, Swim Bottoms, Apparel Set, Apparel, Apparel for Men, Buy Kappa Men Black & Red Colourblocked Swim Bottoms KP SS18 COCO Online in India, Buy Swim Bottoms at best price","80% polyamide, 20% elastane","https://assets.myntassets.com/h_1440,q_100,w_1080/v1/assets/images/5641872/2018/5/31/12c9ef60-e185-42df-8ba5-53ee1a8dab5d1527766811765-kappa-Men-Black--Red-Swim-Bottoms-KP-SS18-COCO-6515277668104-1.jpg",The model (height 6') is wearing a size M, 539,5641872,Myntra,https://www.myntra.com/swim-bottoms/kappa/kappa-men-black--red-colourblocked-swim-bottoms-kp-ss18-coco/5641872/buy
43,Speedo Men Black Essential Swimming Briefs,men-swimwear,"Speedo Men Black Essential Swimming Briefs,  Speedo, Swimwear, Bottomwear, Apparel, Apparel for Men, Buy Speedo Men Black Essential Swimming Briefs Online in India, Buy Swimwear at best price",,"https://assets.myntassets.com/h_1440,q_100,w_1080/v1/assets/images/1344671/2016/6/2/11464850634341-Speedo-Men-Black-Swim-Briefs-5791464850634268-1.jpg",, 324,1344671,Myntra,https://www.myntra.com/swimwear/speedo/speedo-men-black-essential-swimming-briefs/1344671/buy
44,Speedo Grey Swim T-shirt 8PSM01B375,men-swimwear,"Speedo Grey Swim T Shirt 8PSM01B375,  Speedo, Swimwear, Bottomwear, Apparel, Apparel for Men, Buy Speedo Grey Swim T Shirt 8PSM01B375 Online in India, Buy Swimwear at best price","80% nylon, 20% elastane","https://assets.myntassets.com/h_1440,q_100,w_1080/v1/assets/images/1930998/2017/6/8/11496926755789-Speedo-Grey-Solid-Swim-T-shirt-8PSM01B375-1551496926755431-1.jpg",The model (height 6') is wearing a size M, 999,1930998,Myntra,https://www.myntra.com/swimwear/speedo/speedo-grey-swim-t-shirt-8psm01b375/1930998/buy
45,Kappa Men Red Solid SWIMSTAR Swim Shorts,men-swimwear,"Kappa Men Red Solid SWIMSTAR Swim Shorts,  Kappa, Swim Bottoms, Apparel Set, Apparel, Apparel for Men, Buy Kappa Men Red Solid SWIMSTAR Swim Shorts Online in India, Buy Swim Bottoms at best price",100% nylon,"https://assets.myntassets.com/h_1440,q_100,w_1080/v1/assets/images/6810156/2018/8/23/70e04279-005d-4785-a4b7-506d3c42e96d1535024550019-Kappa-Men-Red-Solid-Swim-Shorts-SWIMSTAR-581535024548449-1.jpg",The model (height 6') is wearing a size M, 599,6810156,Myntra,https://www.myntra.com/swim-bottoms/kappa/kappa-men-red-solid-swimstar-swim-shorts/6810156/buy
46,Kappa Men Navy Blue Solid RACER Swim Shorts ,men-swimwear,"Kappa Men Navy Blue Solid RACER Swim Shorts ,  Kappa, Swim Bottoms, Apparel Set, Apparel, Apparel for Men, Buy Kappa Men Navy Blue Solid RACER Swim Shorts  Online in India, Buy Swim Bottoms at best price",100% nylon,"https://assets.myntassets.com/h_1440,q_100,w_1080/v1/assets/images/6810208/2018/8/23/def03d95-38ab-4750-ae95-371fcf67bec71535024753888-Kappa-Men-Navy-Solid-Swim-Shorts-RACER-9591535024752331-1.jpg",The model (height 6') is wearing a size M, 599,6810208,Myntra,https://www.myntra.com/swim-bottoms/kappa/kappa-men-navy-blue-solid-racer-swim-shorts-/6810208/buy
47,PUMA Men Blue ACTIVE Formstripe Trunks 51238003,men-swimwear,"PUMA Men Blue ACTIVE Formstripe Trunks 51238003,  Puma, Swimwear, Bottomwear, Apparel, Apparel for Men, Buy PUMA Men Blue ACTIVE Formstripe Trunks 51238003 Online in India, Buy Swimwear at best price",,"https://assets.myntassets.com/h_1440,q_100,w_1080/v1/assets/images/717896/2016/9/27/11474958012209-PUMA-Men-Blue-ACTIVE-Formstripe-Trunks-51238003-7001474958012175-1.jpg",, 1499,717896,Myntra,https://www.myntra.com/swimwear/puma/puma-men-blue-active-formstripe-trunks-51238003/717896/buy
48,Tommy Hilfiger Blue Striped Slim Swim Shorts S7ATN106,men-swimwear,"Tommy Hilfiger Blue Striped Slim Swim Shorts S7ATN106,  Tommy Hilfiger, Swimwear, Bottomwear, Apparel, Apparel for Men, Buy Tommy Hilfiger Blue Striped Slim Swim Shorts S7ATN106 Online in India, Buy Swimwear at best price",,"https://assets.myntassets.com/h_1440,q_100,w_1080/v1/assets/images/1911346/2017/6/6/11496740036873-Tommy-Hilfiger-Blue-Striped-Slim-Swim-Shorts-S7ATN106-5281496740036748-1.jpg",, 3219,1911346,Myntra,https://www.myntra.com/swimwear/tommy-hilfiger/tommy-hilfiger-blue-striped-slim-swim-shorts-s7atn106/1911346/buy
49,Speedo Men Navy Solid Swim Shorts 8007227780,men-swimwear,"Speedo Men Navy Solid Swim Shorts 8007227780,  Speedo, Swimwear, Bottomwear, Apparel, Apparel for Men, Buy Speedo Men Navy Solid Swim Shorts 8007227780 Online in India, Buy Swimwear at best price",,"https://assets.myntassets.com/h_1440,q_100,w_1080/v1/assets/images/1930896/2017/6/8/11496921896891-Speedo-Men-Navy-Solid-Swim-Shorts-8007227780-2581496921942629-1.jpg",, 949,1930896,Myntra,https://www.myntra.com/swimwear/speedo/speedo-men-navy-solid-swim-shorts-8007227780/1930896/buy
50,Speedo Men Black RapidEdge QUASHORT Swim Shorts 8090358995,men-swimwear,"Speedo Men Black RapidEdge QUASHORT Swim Shorts 8090358995,  Speedo, Swim Bottoms, Apparel Set, Apparel, Apparel for Men, Buy Speedo Men Black RapidEdge QUASHORT Swim Shorts 8090358995 Online in India, Buy Swim Bottoms at best price","80% nylon, 20% elastane","https://assets.myntassets.com/h_1440,q_100,w_1080/v1/assets/images/2501693/2018/4/23/11524486235299-Speedo-Men-Black-RapidEdge-QUASHORT-Swim-Shorts-8090358995-9301524486235166-1.jpg",The model (height 6') is wearing a size S, 584,2501693,Myntra,https://www.myntra.com/swim-bottoms/speedo/speedo-men-black-rapidedge-quashort-swim-shorts-8090358995/2501693/buy
51,Speedo Men Grey Printed Monogram Jammer-USA Swim Shorts 8087438839,men-swimwear,"Speedo Men Grey Printed Monogram Jammer USA Swim Shorts 8087438839,  Speedo, Swim Bottoms, Apparel Set, Apparel, Apparel for Men, Buy Speedo Men Grey Printed Monogram Jammer USA Swim Shorts 8087438839 Online in India, Buy Swim Bottoms at best price",,"https://assets.myntassets.com/h_1440,q_100,w_1080/v1/assets/images/2501637/2018/6/2/aadfef85-3992-42ff-9880-e312e02fb6b61527923109832-Speedo-Men-Swimwear-2751527923108189-1.jpg",, 746,2501637,Myntra,https://www.myntra.com/swim-bottoms/speedo/speedo-men-grey-printed-monogram-jammer-usa-swim-shorts-8087438839/2501637/buy
52,Speedo Men Black Monogram Aquashort Swim Shorts 8096678966,men-swimwear,"Speedo Men Black Monogram Aquashort Swim Shorts 8096678966,  Speedo, Swim Bottoms, Apparel Set, Apparel, Apparel for Men, Buy Speedo Men Black Monogram Aquashort Swim Shorts 8096678966 Online in India, Buy Swim Bottoms at best price",,"https://assets.myntassets.com/h_1440,q_100,w_1080/v1/assets/images/2501713/2018/6/2/e6843dbe-def3-400f-b854-3c0f287c61eb1527927994195-Speedo-Men-Swimwear-2231527927993451-1.jpg",, 629,2501713,Myntra,https://www.myntra.com/swim-bottoms/speedo/speedo-men-black-monogram-aquashort-swim-shorts-8096678966/2501713/buy
53,Speedo Men Navy Blue Monogram Jammer Swim Shorts 808743A324,men-swimwear,"Speedo Men Navy Blue Monogram Jammer Swim Shorts 808743A324,  Speedo, Swim Bottoms, Apparel Set, Apparel, Apparel for Men, Buy Speedo Men Navy Blue Monogram Jammer Swim Shorts 808743A324 Online in India, Buy Swim Bottoms at best price",,"https://assets.myntassets.com/h_1440,q_100,w_1080/v1/assets/images/2501737/2018/6/2/c90ed3fb-bdde-4c61-a5ff-655d6bd5b1821527928623832-Speedo-Men-Swimwear-5061527928623759-1.jpg",, 689,2501737,Myntra,https://www.myntra.com/swim-bottoms/speedo/speedo-men-navy-blue-monogram-jammer-swim-shorts-808743a324/2501737/buy
54,Speedo Men Black Printed AM Monogram Jammer Swim Shorts 8087438966,men-swimwear,"Speedo Men Black Printed AM Monogram Jammer Swim Shorts 8087438966,  Speedo, Swim Bottoms, Apparel Set, Apparel, Apparel for Men, Buy Speedo Men Black Printed AM Monogram Jammer Swim Shorts 8087438966 Online in India, Buy Swim Bottoms at best price",,"https://assets.myntassets.com/h_1440,q_100,w_1080/v1/assets/images/2501640/2018/6/2/2ab975fb-6e77-4852-a7bb-5bd92de678fe1527922707006-Speedo-Men-Swimwear-3841527922706906-1.jpg",, 746,2501640,Myntra,https://www.myntra.com/swim-bottoms/speedo/speedo-men-black-printed-am-monogram-jammer-swim-shorts-8087438966/2501640/buy
55,Speedo Men Black AQUA Printed Swim Shorts 8090359330,men-swimwear,"Speedo Men Black AQUA Printed Swim Shorts 8090359330,  Speedo, Swim Bottoms, Apparel Set, Apparel, Apparel for Men, Buy Speedo Men Black AQUA Printed Swim Shorts 8090359330 Online in India, Buy Swim Bottoms at best price",,"https://assets.myntassets.com/h_1440,q_100,w_1080/v1/assets/images/2501694/2018/6/2/f731bd3e-b0bd-4bbc-9a9b-4328fa99d5721527925115425-Speedo-Men-Swimwear-411527925114735-1.jpg",, 649,2501694,Myntra,https://www.myntra.com/swim-bottoms/speedo/speedo-men-black-aqua-printed-swim-shorts-8090359330/2501694/buy
56,Speedo Men Blue AM MAGIC Swim Shorts 806907A447,men-swimwear,"Speedo Men Blue AM MAGIC Swim Shorts 806907A447,  Speedo, Swim Bottoms, Bottomwear, Apparel, Apparel for Men, Buy Speedo Men Blue AM MAGIC Swim Shorts 806907A447 Online in India, Buy Swim Bottoms at best price",,"https://assets.myntassets.com/h_1440,q_100,w_1080/v1/assets/images/2501781/2018/4/26/11524720785863-Speedo-Men-Swim-Bottoms-351524720785765-1.jpg",, 1019,2501781,Myntra,https://www.myntra.com/swim-bottoms/speedo/speedo-men-blue-am-magic-swim-shorts-806907a447/2501781/buy
57,Speedo Men Navy Blue Printed AQUATICPRO PNL ASHT V2 AM Swim Shorts 8045107875,men-swimwear,"Speedo Men Navy Blue Printed AQUATICPRO PNL ASHT V2 AM Swim Shorts 8045107875,  Speedo, Swim Bottoms, Apparel Set, Apparel, Apparel for Men, Buy Speedo Men Navy Blue Printed AQUATICPRO PNL ASHT V2 AM Swim Shorts 8045107875 Online in India, Buy Swim Bottoms at best price",,"https://assets.myntassets.com/h_1440,q_100,w_1080/v1/assets/images/2501449/2018/6/2/ccc318ec-005a-47e1-83bf-abc34723084d1527924258962-Speedo-Men-Swimwear-8941527924258863-1.jpg",, 1169,2501449,Myntra,https://www.myntra.com/swim-bottoms/speedo/speedo-men-navy-blue-printed-aquaticpro-pnl-asht-v2-am-swim-shorts-8045107875/2501449/buy
58,Kappa Men Blue Solid Swim Shorts KP SS18 COCO,men-swimwear,"Kappa Men Blue Solid Swim Shorts KP SS18 COCO,  Kappa, Swim Bottoms, Apparel Set, Apparel, Apparel for Men, Buy Kappa Men Blue Solid Swim Shorts KP SS18 COCO Online in India, Buy Swim Bottoms at best price",,"https://assets.myntassets.com/h_1440,q_100,w_1080/v1/assets/images/4448582/2018/4/16/11523872505947-Kappa-Men-Swimwear-9071523872505747-1.jpg",, 629,4448582,Myntra,https://www.myntra.com/swim-bottoms/kappa/kappa-men-blue-solid-swim-shorts-kp-ss18-coco/4448582/buy
59,Speedo Men Grey Endurance Jammer Solid Swim Shorts 8007226446,men-swimwear,"Speedo Men Grey Endurance Jammer Solid Swim Shorts 8007226446,  Speedo, Swim Bottoms, Apparel Set, Apparel, Apparel for Men, Buy Speedo Men Grey Endurance Jammer Solid Swim Shorts 8007226446 Online in India, Buy Swim Bottoms at best price",,"https://assets.myntassets.com/h_1440,q_100,w_1080/v1/assets/images/2501408/2018/6/18/bc1cbf48-3bbd-4747-b309-ee523aa8db121529299402302-Speedo-Men-Swimwear-6861529299401437-1.jpg",, 539,2501408,Myntra,https://www.myntra.com/swim-bottoms/speedo/speedo-men-grey-endurance-jammer-solid-swim-shorts-8007226446/2501408/buy
60,Speedo Men Navy HOUSTON JAMMER Swim Shorts 8MS4110001,men-swimwear,"Speedo Men Navy HOUSTON JAMMER Swim Shorts 8MS4110001,  Speedo, Swim Bottoms, Apparel Set, Apparel, Apparel for Men, Buy Speedo Men Navy HOUSTON JAMMER Swim Shorts 8MS4110001 Online in India, Buy Swim Bottoms at best price","80% nylon, 20% elastane","https://assets.myntassets.com/h_1440,q_100,w_1080/v1/assets/images/6674307/2018/7/20/1c5a6067-5d92-452e-bda1-be5a6824e6391532076309035-Speedo-Men-Navy-HOUSTON-JAMMER-Swim-Shorts-8MS4110001-8901532076308930-1.jpg",The model (height 6') is wearing a size M, 849,6674307,Myntra,https://www.myntra.com/swim-bottoms/speedo/speedo-men-navy-houston-jammer-swim-shorts-8ms4110001/6674307/buy
61,Speedo Men Blue AM HYBRID MAGIC Swim Shorts 806907A008,men-swimwear,"Speedo Men Blue AM HYBRID MAGIC Swim Shorts 806907A008,  Speedo, Swim Bottoms, Bottomwear, Apparel, Apparel for Men, Buy Speedo Men Blue AM HYBRID MAGIC Swim Shorts 806907A008 Online in India, Buy Swim Bottoms at best price",,"https://assets.myntassets.com/h_1440,q_100,w_1080/v1/assets/images/2501780/2018/4/26/11524722142777-Speedo-Men-Swim-Bottoms-6561524722142675-1.jpg",, 1019,2501780,Myntra,https://www.myntra.com/swim-bottoms/speedo/speedo-men-blue-am-hybrid-magic-swim-shorts-806907a008/2501780/buy
62,Puma Men Black Swimwear,men-swimwear,"Puma Men Black Swimwear,  Puma, Swimwear, Bottomwear, Apparel, Apparel for Men, Buy Puma Men Black Swimwear Online in India, Buy Swimwear at best price",,"https://assets.myntassets.com/h_1440,q_100,w_1080/v1/images/style/properties/Puma-Men-Black-Swimwear_7f5df252f3d85be16d8929964933b6fe_images.jpg",, 959,247011,Myntra,https://www.myntra.com/swimwear/puma/puma-men-black-swimwear/247011/buy
63,Speedo Men Navy Blue Solid GALA LOGO JAMMER Swim Shorts,men-swimwear,"Speedo Men Navy Blue Solid GALA LOGO JAMMER Swim Shorts,  Speedo, Swim Bottoms, Apparel Set, Apparel, Apparel for Men, Buy Speedo Men Navy Blue Solid GALA LOGO JAMMER Swim Shorts Online in India, Buy Swim Bottoms at best price","80% nylon, 20% elastane","https://assets.myntassets.com/h_1440,q_100,w_1080/v1/assets/images/6888679/2018/12/12/ba2ce41c-b994-480e-9aee-e706a09d38551544609121055-Speedo-Men-Swimwear-6421544609120007-1.jpg",The model (height 6') is wearing a size M, 1199,6888679,Myntra,https://www.myntra.com/swim-bottoms/speedo/speedo-men-navy-blue-solid-gala-logo-jammer-swim-shorts/6888679/buy
64,Speedo Men Black Essential Swimming Trunks,men-swimwear,"Speedo Men Black Essential Swimming Trunks,  Speedo, Swimwear, Bottomwear, Apparel, Apparel for Men, Buy Speedo Men Black Essential Swimming Trunks Online in India, Buy Swimwear at best price",,"https://assets.myntassets.com/h_1440,q_100,w_1080/v1/assets/images/1344695/2016/6/2/11464850646395-Speedo-Men-Black-Swimming-Trunks-8851464850646320-1.jpg",, 699,1344695,Myntra,https://www.myntra.com/swimwear/speedo/speedo-men-black-essential-swimming-trunks/1344695/buy
65,Speedo Men Black HOUSTON JAMMER Swim Shorts 8MS4110001,men-swimwear,"Speedo Men Black HOUSTON JAMMER Swim Shorts 8MS4110001,  Speedo, Swim Bottoms, Apparel Set, Apparel, Apparel for Men, Buy Speedo Men Black HOUSTON JAMMER Swim Shorts 8MS4110001 Online in India, Buy Swim Bottoms at best price","80% nylon, 20% elastane","https://assets.myntassets.com/h_1440,q_100,w_1080/v1/assets/images/6674344/2018/7/20/55d94e17-6fdd-43e3-9d2b-27475369b15b1532075881899-Speedo-Men-Black-HOUSTON-JAMMER-Swim-Shorts-8MS4110001-381532075881760-1.jpg",The model (height 6') is wearing a size M, 849,6674344,Myntra,https://www.myntra.com/swim-bottoms/speedo/speedo-men-black-houston-jammer-swim-shorts-8ms4110001/6674344/buy
66,Kappa Men Navy Blue Solid Swim Shorts KP SS18,men-swimwear,"Kappa Men Navy Blue Solid Swim Shorts KP SS18,  Kappa, Swim Bottoms, Apparel Set, Apparel, Apparel for Men, Buy Kappa Men Navy Blue Solid Swim Shorts KP SS18 Online in India, Buy Swim Bottoms at best price",100% nylon,"https://assets.myntassets.com/h_1440,q_100,w_1080/v1/assets/images/5641864/2019/1/25/ab9b76a6-ac55-473d-9453-c9e1e799fa411548418036100-Kappa-Men-Swimwear-8131548418035234-1.jpg",The model (height 6') is wearing a size M, 599,5641864,Myntra,https://www.myntra.com/swim-bottoms/kappa/kappa-men-navy-blue-solid-swim-shorts-kp-ss18/5641864/buy
67,Futura Biofuse Unisex Black Mirror Swim Goggles 8104434577,men-swimwear,"Futura Biofuse Unisex Black Mirror Swim Goggles 8104434577,  Speedo, Swimwear Accessories, Accessories, Sporting Goods, Sporting Goods for Unisex, Buy Futura Biofuse Unisex Black Mirror Swim Goggles 8104434577 Online in India, Buy Swimwear Accessories at best price",,"https://assets.myntassets.com/h_1440,q_100,w_1080/v1/assets/images/1930867/2017/6/8/11496902050221-Futura-Biofuse-Unisex-Black-Mirror-Swim-Goggles-8104434577-5471496902050110-1.jpg",, 2159,1930867,Myntra,https://www.myntra.com/swimwear-accessories/speedo/futura-biofuse-unisex-black-mirror-swim-goggles-8104434577/1930867/buy
68,Speedo Men Grey Solid Swim Shorts 8007220012,men-swimwear,"Speedo Men Grey Solid Swim Shorts 8007220012,  Speedo, Swimwear, Bottomwear, Apparel, Apparel for Men, Buy Speedo Men Grey Solid Swim Shorts 8007220012 Online in India, Buy Swimwear at best price",,"https://assets.myntassets.com/h_1440,q_100,w_1080/v1/assets/images/1930895/2017/6/8/11496919602465-Speedo-Men-Grey-Solid-Swim-Shorts-8007220012-661496919601517-1.jpg",, 949,1930895,Myntra,https://www.myntra.com/swimwear/speedo/speedo-men-grey-solid-swim-shorts-8007220012/1930895/buy
69,Speedo Unisex Assorted Slogan Print Swim Cap,men-swimwear,"Speedo Unisex Assorted Slogan Print Swim Cap,  Speedo, Swimwear Accessories, Accessories, Accessories, Accessories for Unisex, Buy Speedo Unisex Assorted Slogan Print Swim Cap Online in India, Buy Swimwear Accessories at best price",,"https://assets.myntassets.com/h_1440,q_100,w_1080/v1/assets/images/2284582/2018/2/2/11517568219919-Speedo-Unisex-Assorted-Slogan-Print-Swim-Cap-6691517568219907-1.jpg",, 799,2284582,Myntra,https://www.myntra.com/swimwear-accessories/speedo/speedo-unisex-assorted-slogan-print-swim-cap/2284582/buy
70,Speedo Unisex FASTSKIN SPESOCKET 2 MIR Swimming Goggles 8108973515,men-swimwear,"Speedo Unisex FASTSKIN SPESOCKET 2 MIR Swimming Goggles 8108973515,  Speedo, Swimwear Accessories, Accessories, Sporting Goods, Sporting Goods for Unisex, Buy Speedo Unisex FASTSKIN SPESOCKET 2 MIR Swimming Goggles 8108973515 Online in India, Buy Swimwear Accessories at best price",,"https://assets.myntassets.com/h_1440,q_100,w_1080/v1/assets/images/2284572/2018/2/2/11517567164036-Speedo-Unisex-Swimming-Goggles-1211517567163995-1.jpg",, 2379,2284572,Myntra,https://www.myntra.com/swimwear-accessories/speedo/speedo-unisex-fastskin-spesocket-2-mir-swimming-goggles-8108973515/2284572/buy
71,Speedo Kids Grey & Black Junior Slogan Print Swimming Cap 808385C622,men-swimwear,"Speedo Kids Grey & Black Junior Slogan Print Swimming Cap 808385C622,  Speedo, Swimwear Accessories, Accessories, Sporting Goods, Sporting Goods for Unisex, Buy Speedo Kids Grey & Black Junior Slogan Print Swimming Cap 808385C622 Online in India, Buy Swimwear Accessories at best price",,"https://assets.myntassets.com/h_1440,q_100,w_1080/v1/assets/images/6674346/2018/9/11/21323c3d-bc84-41b7-b9fa-2a74c4b0cd171536649763722-Speedo-Kids-Grey--Black-Junior-Slogan-Print-Swimming-Cap-476-1.jpg",, 799,6674346,Myntra,https://www.myntra.com/swimwear-accessories/speedo/speedo-kids-grey--black-junior-slogan-print-swimming-cap-808385c622/6674346/buy
72,Speedo Kids Pink Pace Swimming Cap 8720641341,men-swimwear,"Speedo Kids Pink Pace Swimming Cap 8720641341,  Speedo, Swimwear Accessories, Accessories, Sporting Goods, Sporting Goods for Unisex, Buy Speedo Kids Pink Pace Swimming Cap 8720641341 Online in India, Buy Swimwear Accessories at best price",,"https://assets.myntassets.com/h_1440,q_100,w_1080/v1/assets/images/6674350/2018/9/11/2ba64522-02dd-4747-b827-bfc5cd667a151536648068266-Speedo-Kids-Pink-Pace-Swimming-Cap-7931536648067656-1.jpg",, 899,6674350,Myntra,https://www.myntra.com/swimwear-accessories/speedo/speedo-kids-pink-pace-swimming-cap-8720641341/6674350/buy
73,Speedo Kids Red Slogan Printed Swim Cap,men-swimwear,"Speedo Kids Red Slogan Printed Swim Cap,  Speedo, Swimwear Accessories, Accessories, Sporting Goods, Sporting Goods for Unisex, Buy Speedo Kids Red Slogan Printed Swim Cap Online in India, Buy Swimwear Accessories at best price",,"https://assets.myntassets.com/h_1440,q_100,w_1080/v1/assets/images/6674275/2018/9/11/403480ff-ce25-40f8-a562-68b68dbf714f1536646263614-Speedo-Kids-Blue-Printed-Slogan-Swim-Cap-4771536646262863-1.jpg",, 799,6674275,Myntra,https://www.myntra.com/swimwear-accessories/speedo/speedo-kids-red-slogan-printed-swim-cap/6674275/buy
74,Speedo Kids Blue Slogan Print Swimming Cap,men-swimwear,"Speedo Kids Blue Slogan Print Swimming Cap,  Speedo, Swimwear Accessories, Accessories, Sporting Goods, Sporting Goods for Unisex, Buy Speedo Kids Blue Slogan Print Swimming Cap Online in India, Buy Swimwear Accessories at best price",,"https://assets.myntassets.com/h_1440,q_100,w_1080/v1/assets/images/6674299/2018/9/11/40a21373-5056-4f62-abf4-23a0768a1fa21536648012869-Speedo-Kids-Blue--Orange-Slogan-Print-Swimming-Cap-213153664-1.jpg",, 799,6674299,Myntra,https://www.myntra.com/swimwear-accessories/speedo/speedo-kids-blue-slogan-print-swimming-cap/6674299/buy
75,Speedo Kids Orange Pace Swim Cap,men-swimwear,"Speedo Kids Orange Pace Swim Cap,  Speedo, Swimwear Accessories, Accessories, Sporting Goods, Sporting Goods for Unisex, Buy Speedo Kids Orange Pace Swim Cap Online in India, Buy Swimwear Accessories at best price",,"https://assets.myntassets.com/h_1440,q_100,w_1080/v1/assets/images/6674289/2018/9/11/163f9ecd-07af-4284-abf5-531d7fc834481536646287980-Speedo-Kids-Orange-Pace-Swim-Cap-1801536646287377-1.jpg",, 899,6674289,Myntra,https://www.myntra.com/swimwear-accessories/speedo/speedo-kids-orange-pace-swim-cap/6674289/buy
76,Speedo Kids White Slogan Printed Swim Cap,men-swimwear,"Speedo Kids White Slogan Printed Swim Cap,  Speedo, Swimwear Accessories, Accessories, Sporting Goods, Sporting Goods for Unisex, Buy Speedo Kids White Slogan Printed Swim Cap Online in India, Buy Swimwear Accessories at best price",,"https://assets.myntassets.com/h_1440,q_100,w_1080/v1/assets/images/6674291/2018/9/11/c24e30f2-389d-4a1d-82cc-8dfa1cbf35b71536646303114-Speedo-Kids-White-Slogan-Printed-Swim-Cap-2581536646302577-1.jpg",, 799,6674291,Myntra,https://www.myntra.com/swimwear-accessories/speedo/speedo-kids-white-slogan-printed-swim-cap/6674291/buy
77,Black Swimming Goggle,men-swimwear,"Black Swimming Goggle,  Speedo, Swimwear Accessories, Accessories, Sporting Goods, Sporting Goods for Unisex, Buy Black Swimming Goggle Online in India, Buy Swimwear Accessories at best price",,"https://assets.myntassets.com/h_1440,q_100,w_1080/v1/assets/images/productimage/2018/11/24/4e331707-c0f4-48f7-8a14-b4a639b83f951543027763227-1.jpg",, 1999,7921331,Myntra,https://www.myntra.com/swimwear-accessories/speedo/black-swimming-goggle/7921331/buy
78,Futura Biofuse White Swimming Goggles,men-swimwear,"Futura Biofuse White Swimming Goggles,  Speedo, Swimwear Accessories, Accessories, Sporting Goods, Sporting Goods for Unisex, Buy Futura Biofuse White Swimming Goggles Online in India, Buy Swimwear Accessories at best price",,"https://assets.myntassets.com/h_1440,q_100,w_1080/v1/assets/images/productimage/2018/11/24/81825f73-6e92-4865-80f7-25509204a4721543032600914-1.jpg",, 1999,7928151,Myntra,https://www.myntra.com/swimwear-accessories/speedo/futura-biofuse-white-swimming-goggles/7928151/buy
79,Grey Swimming Goggles,men-swimwear,"Grey Swimming Goggles,  Speedo, Swimwear Accessories, Accessories, Sporting Goods, Sporting Goods for Unisex, Buy Grey Swimming Goggles Online in India, Buy Swimwear Accessories at best price",,"https://assets.myntassets.com/h_1440,q_100,w_1080/v1/assets/images/productimage/2018/11/24/6ef9d0c4-b241-4ea0-a39e-44976acfba0e1543033418504-1.jpg",, 2499,7929223,Myntra,https://www.myntra.com/swimwear-accessories/speedo/grey-swimming-goggles/7929223/buy
80,Blue Swimming Cap,men-swimwear,"Blue Swimming Cap,  Speedo, Swimwear Accessories, Accessories, Sporting Goods, Sporting Goods for Unisex, Buy Blue Swimming Cap Online in India, Buy Swimwear Accessories at best price",,"https://assets.myntassets.com/h_1440,q_100,w_1080/v1/assets/images/productimage/2018/11/24/8f5fbbca-d489-4c12-b822-697842fbad5f1543031773784-1.jpg",, 849,7927023,Myntra,https://www.myntra.com/swimwear-accessories/speedo/blue-swimming-cap/7927023/buy
81,Multicoloured Swimming Cap,men-swimwear,"Multicoloured Swimming Cap,  Speedo, Swimwear Accessories, Accessories, Sporting Goods, Sporting Goods for Unisex, Buy Multicoloured Swimming Cap Online in India, Buy Swimwear Accessories at best price",,"https://assets.myntassets.com/h_1440,q_100,w_1080/v1/assets/images/productimage/2018/11/23/83ad7622-5dfe-4b3b-a3c2-527c7209e9831542981891292-1.jpg",, 799,7898121,Myntra,https://www.myntra.com/swimwear-accessories/speedo/multicoloured-swimming-cap/7898121/buy
82,Black Swimming Goggles,men-swimwear,"Black Swimming Goggles,  Speedo, Swimwear Accessories, Accessories, Sporting Goods, Sporting Goods for Unisex, Buy Black Swimming Goggles Online in India, Buy Swimwear Accessories at best price",,"https://assets.myntassets.com/h_1440,q_100,w_1080/v1/assets/images/productimage/2018/11/24/4159a0ec-5c79-4376-885e-80da7388a01c1543028297074-1.jpg",, 1999,7922005,Myntra,https://www.myntra.com/swimwear-accessories/speedo/black-swimming-goggles/7922005/buy
83,Futura Biofuse Blue Swimming Goggles,men-swimwear,"Futura Biofuse Blue Swimming Goggles,  Speedo, Swimwear Accessories, Accessories, Sporting Goods, Sporting Goods for Unisex, Buy Futura Biofuse Blue Swimming Goggles Online in India, Buy Swimwear Accessories at best price",,"https://assets.myntassets.com/h_1440,q_100,w_1080/v1/assets/images/productimage/2018/11/24/aa4eaff1-37d0-411b-8450-c6a26ad5e0271543033415561-1.jpg",, 1999,7929217,Myntra,https://www.myntra.com/swimwear-accessories/speedo/futura-biofuse-blue-swimming-goggles/7929217/buy
84,Grey Swimming Goggle,men-swimwear,"Grey Swimming Goggle,  Speedo, Swimwear Accessories, Accessories, Sporting Goods, Sporting Goods for Unisex, Buy Grey Swimming Goggle Online in India, Buy Swimwear Accessories at best price",,"https://assets.myntassets.com/h_1440,q_100,w_1080/v1/assets/images/productimage/2018/11/24/fe6106ea-42fa-4909-ae40-89454f5248821543030257079-1.jpg",, 1999,7924577,Myntra,https://www.myntra.com/swimwear-accessories/speedo/grey-swimming-goggle/7924577/buy
85,Futura Biofuse Mirror Black Swimming Goggles,men-swimwear,"Futura Biofuse Mirror Black Swimming Goggles,  Speedo, Swimwear Accessories, Accessories, Sporting Goods, Sporting Goods for Unisex, Buy Futura Biofuse Mirror Black Swimming Goggles Online in India, Buy Swimwear Accessories at best price",,"https://assets.myntassets.com/h_1440,q_100,w_1080/v1/assets/images/productimage/2018/11/24/b9c0244a-4ee7-44c3-a0fa-cf28955730591543030289065-1.jpg",, 2399,7924619,Myntra,https://www.myntra.com/swimwear-accessories/speedo/futura-biofuse-mirror-black-swimming-goggles/7924619/buy
86,Red Swimming Cap,men-swimwear,"Red Swimming Cap,  Speedo, Swimwear Accessories, Accessories, Sporting Goods, Sporting Goods for Unisex, Buy Red Swimming Cap Online in India, Buy Swimwear Accessories at best price",,"https://assets.myntassets.com/h_1440,q_100,w_1080/v1/assets/images/productimage/2018/11/24/87989458-7461-454f-82ce-517c03546d2f1543027850993-1.jpg",, 699,7921447,Myntra,https://www.myntra.com/swimwear-accessories/speedo/red-swimming-cap/7921447/buy
87,Futura Plus Transparent Swimming Goggles,men-swimwear,"Futura Plus Transparent Swimming Goggles,  Speedo, Swimwear Accessories, Accessories, Sporting Goods, Sporting Goods for Unisex, Buy Futura Plus Transparent Swimming Goggles Online in India, Buy Swimwear Accessories at best price",,"https://assets.myntassets.com/h_1440,q_100,w_1080/v1/assets/images/productimage/2018/11/24/df5a8c01-fbad-4cbc-a54b-7a9c701ce2d81543034070357-1.jpg",, 1399,7930079,Myntra,https://www.myntra.com/swimwear-accessories/speedo/futura-plus-transparent-swimming-goggles/7930079/buy
88,Transparent Swimming Goggle,men-swimwear,"Transparent Swimming Goggle,  Speedo, Swimwear Accessories, Accessories, Sporting Goods, Sporting Goods for Unisex, Buy Transparent Swimming Goggle Online in India, Buy Swimwear Accessories at best price",,"https://assets.myntassets.com/h_1440,q_100,w_1080/v1/assets/images/productimage/2018/11/24/9b9c3a1a-96b4-4627-b700-311a30e1fe461543033604817-1.jpg",, 1999,7929483,Myntra,https://www.myntra.com/swimwear-accessories/speedo/transparent-swimming-goggle/7929483/buy
89,Green Swimming Goggle,men-swimwear,"Green Swimming Goggle,  Speedo, Swimwear Accessories, Accessories, Sporting Goods, Sporting Goods for Unisex, Buy Green Swimming Goggle Online in India, Buy Swimwear Accessories at best price",,"https://assets.myntassets.com/h_1440,q_100,w_1080/v1/assets/images/productimage/2018/11/24/df566fbe-c5c2-4081-a5cb-53078d3be5ba1543035809664-1.jpg",, 749,7932563,Myntra,https://www.myntra.com/swimwear-accessories/speedo/green-swimming-goggle/7932563/buy
90,Green Swimming Cap,men-swimwear,"Green Swimming Cap,  Speedo, Swimwear Accessories, Accessories, Sporting Goods, Sporting Goods for Unisex, Buy Green Swimming Cap Online in India, Buy Swimwear Accessories at best price",,"https://assets.myntassets.com/h_1440,q_100,w_1080/v1/assets/images/productimage/2018/11/24/1c32ae09-63fc-4f4c-aa01-67a8bf96ef901543046449728-1.jpg",, 699,7944147,Myntra,https://www.myntra.com/swimwear-accessories/speedo/green-swimming-cap/7944147/buy
91,White Swimming Goggle,men-swimwear,"White Swimming Goggle,  Speedo, Swimwear Accessories, Accessories, Sporting Goods, Sporting Goods for Unisex, Buy White Swimming Goggle Online in India, Buy Swimwear Accessories at best price",,"https://assets.myntassets.com/h_1440,q_100,w_1080/v1/assets/images/productimage/2018/11/24/c929ddcc-4689-415d-800e-5d567c4481071543030805421-1.jpg",, 1299,7925435,Myntra,https://www.myntra.com/swimwear-accessories/speedo/white-swimming-goggle/7925435/buy
92,Transparent Swimming Goggle,men-swimwear,"Transparent Swimming Goggle,  Speedo, Swimwear Accessories, Accessories, Sporting Goods, Sporting Goods for Unisex, Buy Transparent Swimming Goggle Online in India, Buy Swimwear Accessories at best price",,"https://assets.myntassets.com/h_1440,q_100,w_1080/v1/assets/images/productimage/2018/11/24/b590e8cb-3faf-4c18-9227-5ecddfbf44891543038733129-1.jpg",, 1399,7936807,Myntra,https://www.myntra.com/swimwear-accessories/speedo/transparent-swimming-goggle/7936807/buy
93,Orange Swimming Goggles,men-swimwear,"Orange Swimming Goggles,  Speedo, Swimwear Accessories, Accessories, Sporting Goods, Sporting Goods for Unisex, Buy Orange Swimming Goggles Online in India, Buy Swimwear Accessories at best price",,"https://assets.myntassets.com/h_1440,q_100,w_1080/v1/assets/images/productimage/2018/11/24/339d329f-5469-4807-aa29-dc9b236527cb1543051810025-1.jpg",, 2499,7951307,Myntra,https://www.myntra.com/swimwear-accessories/speedo/orange-swimming-goggles/7951307/buy
94,Black Swimming Goggle,men-swimwear,"Black Swimming Goggle,  Speedo, Swimwear Accessories, Accessories, Sporting Goods, Sporting Goods for Unisex, Buy Black Swimming Goggle Online in India, Buy Swimwear Accessories at best price",,"https://assets.myntassets.com/h_1440,q_100,w_1080/v1/assets/images/productimage/2018/11/24/619c4c58-8e76-48f9-9795-b8cf6391b8271543031714933-1.jpg",, 1799,7926887,Myntra,https://www.myntra.com/swimwear-accessories/speedo/black-swimming-goggle/7926887/buy
95,Transparent Swimming Goggles,men-swimwear,"Transparent Swimming Goggles,  Speedo, Swimwear Accessories, Accessories, Sporting Goods, Sporting Goods for Unisex, Buy Transparent Swimming Goggles Online in India, Buy Swimwear Accessories at best price",,"https://assets.myntassets.com/h_1440,q_100,w_1080/v1/assets/images/productimage/2018/11/24/c0e26e6c-a558-46c4-bff1-5739ad22c1011543028020186-1.jpg",, 1199,7921659,Myntra,https://www.myntra.com/swimwear-accessories/speedo/transparent-swimming-goggles/7921659/buy
96,Beige Swimming Cap,men-swimwear,"Beige Swimming Cap,  Speedo, Swimwear Accessories, Accessories, Sporting Goods, Sporting Goods for Unisex, Buy Beige Swimming Cap Online in India, Buy Swimwear Accessories at best price",,"https://assets.myntassets.com/h_1440,q_100,w_1080/v1/assets/images/productimage/2018/11/24/f31f58e1-2d64-422c-a6ed-4ff8f1bf431d1543050330166-1.jpg",, 799,7949407,Myntra,https://www.myntra.com/swimwear-accessories/speedo/beige-swimming-cap/7949407/buy
97,Blue Swimming Goggle,men-swimwear,"Blue Swimming Goggle,  Speedo, Swimwear Accessories, Accessories, Sporting Goods, Sporting Goods for Unisex, Buy Blue Swimming Goggle Online in India, Buy Swimwear Accessories at best price",,"https://assets.myntassets.com/h_1440,q_100,w_1080/v1/assets/images/productimage/2018/11/24/8838391a-75fd-4664-a964-fd498ccef8c81543037056359-1.jpg",, 2399,7934365,Myntra,https://www.myntra.com/swimwear-accessories/speedo/blue-swimming-goggle/7934365/buy
98,White Swimming Goggles,men-swimwear,"White Swimming Goggles,  Speedo, Swimwear Accessories, Accessories, Sporting Goods, Sporting Goods for Unisex, Buy White Swimming Goggles Online in India, Buy Swimwear Accessories at best price",,"https://assets.myntassets.com/h_1440,q_100,w_1080/v1/assets/images/productimage/2018/11/24/7d37f432-1be9-4ecb-8ba6-3580007a0a691543051680827-1.jpg",, 999,7951141,Myntra,https://www.myntra.com/swimwear-accessories/speedo/white-swimming-goggles/7951141/buy
99,Futura Plus Black Swimming Goggles,men-swimwear,"Futura Plus Black Swimming Goggles,  Speedo, Swimwear Accessories, Accessories, Sporting Goods, Sporting Goods for Unisex, Buy Futura Plus Black Swimming Goggles Online in India, Buy Swimwear Accessories at best price",,"https://assets.myntassets.com/h_1440,q_100,w_1080/v1/assets/images/productimage/2018/11/24/d10f2239-59ab-419e-b578-3b47c3e0242b1543035531915-1.jpg",, 1399,7932193,Myntra,https://www.myntra.com/swimwear-accessories/speedo/futura-plus-black-swimming-goggles/7932193/buy
100,White Swimming Goggles,men-swimwear,"White Swimming Goggles,  Speedo, Swimwear Accessories, Accessories, Sporting Goods, Sporting Goods for Unisex, Buy White Swimming Goggles Online in India, Buy Swimwear Accessories at best price",,"https://assets.myntassets.com/h_1440,q_100,w_1080/v1/assets/images/productimage/2018/11/24/8340a89a-4572-4621-819a-ea10ab0c87071543043867814-1.jpg",, 1999,7940001,Myntra,https://www.myntra.com/swimwear-accessories/speedo/white-swimming-goggles/7940001/buy
101,Pink Swimming Cap,men-swimwear,"Pink Swimming Cap,  Speedo, Swimwear Accessories, Accessories, Sporting Goods, Sporting Goods for Unisex, Buy Pink Swimming Cap Online in India, Buy Swimwear Accessories at best price",,"https://assets.myntassets.com/h_1440,q_100,w_1080/v1/assets/images/productimage/2018/11/24/74f2a50a-41b9-4c93-811f-f0e7a0ebc93d1543029685547-1.jpg",, 699,7923837,Myntra,https://www.myntra.com/swimwear-accessories/speedo/pink-swimming-cap/7923837/buy
102,Speedo Men Navy Blue Solid ESSENTIAL SPLICE Swim Shorts 809307B353,men-swimwear,"Speedo Men Navy Blue Solid ESSENTIAL SPLICE Swim Shorts 809307B353,  Speedo, Swim Bottoms, Apparel Set, Apparel, Apparel for Men, Buy Speedo Men Navy Blue Solid ESSENTIAL SPLICE Swim Shorts 809307B353 Online in India, Buy Swim Bottoms at best price","53% polyester, 47% PBT polyester","https://assets.myntassets.com/h_1440,q_100,w_1080/v1/assets/images/6888590/2018/12/12/4942c3e8-8571-48cc-ac9b-a7a4418515501544609086723-Speedo-Men-Swimwear-1311544609085805-1.jpg",The model (height 6') is wearing a size M, 799,6888590,Myntra,https://www.myntra.com/swim-bottoms/speedo/speedo-men-navy-blue-solid-essential-splice-swim-shorts-809307b353/6888590/buy
103,Speedo Men Black Solid Swim Shorts 810855B442,men-swimwear,"Speedo Men Black Solid Swim Shorts 810855B442,  Speedo, Swimwear, Apparel Set, Apparel, Apparel for Men, Buy Speedo Men Black Solid Swim Shorts 810855B442 Online in India, Buy Swimwear at best price",,"https://assets.myntassets.com/h_1440,q_100,w_1080/v1/assets/images/1930947/2017/6/8/11496921904289-Speedo-Men-Black-Solid-Swim-Shorts-810855B442-1631496921904041-1.jpg",, 1399,6674356,Myntra,https://www.myntra.com/swimwear/speedo/speedo-men-black-solid-swim-shorts-810855b442/6674356/buy
104,Futura Biofuse Polarised White Swimming Goggles,men-swimwear,"Futura Biofuse Polarised White Swimming Goggles,  Speedo, Swimwear Accessories, Accessories, Sporting Goods, Sporting Goods for Unisex, Buy Futura Biofuse Polarised White Swimming Goggles Online in India, Buy Swimwear Accessories at best price",,"https://assets.myntassets.com/h_1440,q_100,w_1080/v1/assets/images/productimage/2018/11/24/6f336d5a-4c25-42bb-9ddb-d5e12ac18a801543030369490-1.jpg",, 2399,7924723,Myntra,https://www.myntra.com/swimwear-accessories/speedo/futura-biofuse-polarised-white-swimming-goggles/7924723/buy
105,White Swimming Goggles,men-swimwear,"White Swimming Goggles,  Speedo, Swimwear Accessories, Accessories, Sporting Goods, Sporting Goods for Unisex, Buy White Swimming Goggles Online in India, Buy Swimwear Accessories at best price",,"https://assets.myntassets.com/h_1440,q_100,w_1080/v1/assets/images/productimage/2018/11/24/b83fb539-f7f6-4916-9c27-594b946280771543028094404-1.jpg",, 1999,7921757,Myntra,https://www.myntra.com/swimwear-accessories/speedo/white-swimming-goggles/7921757/buy
106,Speedo Men Black Solid STROM WAVE Swim Shorts,men-swimwear,"Speedo Men Black Solid STROM WAVE Swim Shorts,  Speedo, Swim Bottoms, Apparel Set, Apparel, Apparel for Men, Buy Speedo Men Black Solid STROM WAVE Swim Shorts Online in India, Buy Swim Bottoms at best price","80% nylon, 20% elastane","https://assets.myntassets.com/h_1440,q_100,w_1080/v1/assets/images/6888752/2018/12/12/c548cb8c-2fde-4c7c-ba89-89f861de1dfa1544609138051-Speedo-Men-Swimwear-5611544609136940-1.jpg",The model (height 6') is wearing a size M, 2299,6888752,Myntra,https://www.myntra.com/swim-bottoms/speedo/speedo-men-black-solid-strom-wave-swim-shorts/6888752/buy
107,Speedo Men Black Printed Swim Shorts 810856B442,men-swimwear,"Speedo Men Black Printed Swim Shorts 810856B442,  Speedo, Swimwear, Apparel Set, Apparel, Apparel for Men, Buy Speedo Men Black Printed Swim Shorts 810856B442 Online in India, Buy Swimwear at best price",,"https://assets.myntassets.com/h_1440,q_100,w_1080/v1/assets/images/1930951/2017/6/8/11496919647587-Speedo-Men-Black-Printed-Swim-Shorts-810856B442-7661496919646758-1.jpg",, 1599,6674337,Myntra,https://www.myntra.com/swimwear/speedo/speedo-men-black-printed-swim-shorts-810856b442/6674337/buy
108,Speedo Men Black Printed Male Monogram Aquashort Swim Shorts 8087428533,men-swimwear,"Speedo Men Black Printed Male Monogram Aquashort Swim Shorts 8087428533,  Speedo, Swim Bottoms, Apparel Set, Apparel, Apparel for Men, Buy Speedo Men Black Printed Male Monogram Aquashort Swim Shorts 8087428533 Online in India, Buy Swim Bottoms at best price",,"https://assets.myntassets.com/h_1440,q_100,w_1080/v1/assets/images/2501629/2018/6/2/80320c27-2ac3-4720-a721-fc9f67d31df91527922892667-Speedo-Men-Swimwear-2831527922891915-1.jpg",, 629,2501629,Myntra,https://www.myntra.com/swim-bottoms/speedo/speedo-men-black-printed-male-monogram-aquashort-swim-shorts-8087428533/2501629/buy
109,Speedo Men Black Printed Swim Shorts 810856B444,men-swimwear,"Speedo Men Black Printed Swim Shorts 810856B444,  Speedo, Swimwear, Apparel Set, Apparel, Apparel for Men, Buy Speedo Men Black Printed Swim Shorts 810856B444 Online in India, Buy Swimwear at best price",,"https://assets.myntassets.com/h_1440,q_100,w_1080/v1/assets/images/1930953/2017/6/8/11496919655659-Speedo-Men-Black-Printed-Swim-Shorts-810856B444-4341496919655439-1.jpg",, 1599,6674301,Myntra,https://www.myntra.com/swimwear/speedo/speedo-men-black-printed-swim-shorts-810856b444/6674301/buy
110,Speedo Men Black Solid Swim Shorts 804510B457,men-swimwear,"Speedo Men Black Solid Swim Shorts 804510B457,  Speedo, Swimwear, Apparel Set, Apparel, Apparel for Men, Buy Speedo Men Black Solid Swim Shorts 804510B457 Online in India, Buy Swimwear at best price",,"https://assets.myntassets.com/h_1440,q_100,w_1080/v1/assets/images/1930905/2017/6/8/11496921950875-Speedo-Men-Black-Solid-Swim-Shorts-804510B457-611496921950669-1.jpg",, 1299,6674341,Myntra,https://www.myntra.com/swimwear/speedo/speedo-men-black-solid-swim-shorts-804510b457/6674341/buy
111,Speedo Men Navy Blue Monogram Jammer Swim Shorts 8087438663,men-swimwear,"Speedo Men Navy Blue Monogram Jammer Swim Shorts 8087438663,  Speedo, Swim Bottoms, Apparel Set, Apparel, Apparel for Men, Buy Speedo Men Navy Blue Monogram Jammer Swim Shorts 8087438663 Online in India, Buy Swim Bottoms at best price",,"https://assets.myntassets.com/h_1440,q_100,w_1080/v1/assets/images/2501636/2018/6/2/b8b76967-2bb2-4cab-8961-a5a0d34186221527928208985-Speedo-Men-Swimwear-5031527928208897-1.jpg",, 746,2501636,Myntra,https://www.myntra.com/swim-bottoms/speedo/speedo-men-navy-blue-monogram-jammer-swim-shorts-8087438663/2501636/buy
112,Puma Unisex Blue Swim Cap,men-swimwear,"Puma Unisex Blue Swim Cap,  Puma, Swimwear Accessories, Accessories, Sporting Goods, Sporting Goods for Unisex, Buy Puma Unisex Blue Swim Cap Online in India, Buy Swimwear Accessories at best price",Wipe with clean cloth,"https://assets.myntassets.com/h_1440,q_100,w_1080/v1/assets/images/2355979/2017/12/21/11513834792515-na-8561513834792478-1.jpg",21.5 x 0.7 x 13 cm, 419,2355979,Myntra,https://www.myntra.com/swimwear-accessories/puma/puma-unisex-blue-swim-cap/2355979/buy
113,Assorted Swimming Cap,men-swimwear,"Assorted Swimming Cap,  Speedo, Swimwear Accessories, Accessories, Sporting Goods, Sporting Goods for Unisex, Buy Assorted Swimming Cap Online in India, Buy Swimwear Accessories at best price",,"https://assets.myntassets.com/h_1440,q_100,w_1080/v1/assets/images/productimage/2018/11/24/db1383ef-35d2-47ef-8dc8-af8d7450eb8b1543027960119-1.jpg",, 899,7921593,Myntra,https://www.myntra.com/swimwear-accessories/speedo/assorted-swimming-cap/7921593/buy
114,Speedo Men Blue ESSENTIAL ENDURANCE+ JAMMER Swim Shorts 800722B490,men-swimwear,"Speedo Men Blue ESSENTIAL ENDURANCE+ JAMMER Swim Shorts 800722B490,  Speedo, Swim Bottoms, Apparel Set, Apparel, Apparel for Men, Buy Speedo Men Blue ESSENTIAL ENDURANCE+ JAMMER Swim Shorts 800722B490 Online in India, Buy Swim Bottoms at best price","80% nylon, 20% elastane","https://assets.myntassets.com/h_1440,q_100,w_1080/v1/assets/images/6674338/2018/7/20/e4de97f1-1bf9-4b86-9270-b1dd2bd53a841532076502349-Speedo-Men-Blue-ESSENTIAL-ENDURANCE-JAMMER-Swim-Shorts-800722B490-2071532076502250-1.jpg",The model (height 6') is wearing a size M, 949,6674338,Myntra,https://www.myntra.com/swim-bottoms/speedo/speedo-men-blue-essential-endurance-jammer-swim-shorts-800722b490/6674338/buy
115,Blue Swimming Goggle,men-swimwear,"Blue Swimming Goggle,  Speedo, Swimwear Accessories, Accessories, Sporting Goods, Sporting Goods for Unisex, Buy Blue Swimming Goggle Online in India, Buy Swimwear Accessories at best price",,"https://assets.myntassets.com/h_1440,q_100,w_1080/v1/assets/images/productimage/2018/11/24/d729cb12-a219-48a2-99d2-8289fdb537ba1543038790009-1.jpg",, 749,7936897,Myntra,https://www.myntra.com/swimwear-accessories/speedo/blue-swimming-goggle/7936897/buy
116,Speedo Men Navy Blue Solid BOOM SPLICE Swim Shorts 810855B353,men-swimwear,"Speedo Men Navy Blue Solid BOOM SPLICE Swim Shorts 810855B353,  Speedo, Swim Bottoms, Apparel Set, Apparel, Apparel for Men, Buy Speedo Men Navy Blue Solid BOOM SPLICE Swim Shorts 810855B353 Online in India, Buy Swim Bottoms at best price","53% polyester, 47% PBT polyester","https://assets.myntassets.com/h_1440,q_100,w_1080/v1/assets/images/6888605/2018/12/12/35882d86-9860-4242-901d-c4966415eb251544609101182-Speedo-Men-Swimwear-2091544609100423-1.jpg",The model (height 6') is wearing a size M, 1399,6888605,Myntra,https://www.myntra.com/swim-bottoms/speedo/speedo-men-navy-blue-solid-boom-splice-swim-shorts-810855b353/6888605/buy
117,Black Swimming Goggle,men-swimwear,"Black Swimming Goggle,  Speedo, Swimwear Accessories, Accessories, Sporting Goods, Sporting Goods for Unisex, Buy Black Swimming Goggle Online in India, Buy Swimwear Accessories at best price",,"https://assets.myntassets.com/h_1440,q_100,w_1080/v1/assets/images/productimage/2018/11/24/d3fa64c4-a0c1-4a24-816c-5dc04ecbece01543048922322-1.jpg",, 1399,7947413,Myntra,https://www.myntra.com/swimwear-accessories/speedo/black-swimming-goggle/7947413/buy
118,Speedo Men Black Solid ESSENTIAL SPLICE Swim Shorts 809307B346,men-swimwear,"Speedo Men Black Solid ESSENTIAL SPLICE Swim Shorts 809307B346,  Speedo, Swim Bottoms, Apparel Set, Apparel, Apparel for Men, Buy Speedo Men Black Solid ESSENTIAL SPLICE Swim Shorts 809307B346 Online in India, Buy Swim Bottoms at best price","53% polyester, 47% PBT polyester","https://assets.myntassets.com/h_1440,q_100,w_1080/v1/assets/images/6888756/2018/12/12/315fb5e2-4c77-4f6d-98ba-4ef53c585ec01544609168580-Speedo-Men-Swimwear-9731544609167802-1.jpg",The model (height 6') is wearing a size M, 799,6888756,Myntra,https://www.myntra.com/swim-bottoms/speedo/speedo-men-black-solid-essential-splice-swim-shorts-809307b346/6888756/buy
119,Speedo Unisex MARINER OPTICAL SS07 Swimming Goggles 8008513081,men-swimwear,"Speedo Unisex MARINER OPTICAL SS07 Swimming Goggles 8008513081,  Speedo, Swimwear Accessories, Accessories, Sporting Goods, Sporting Goods for Unisex, Buy Speedo Unisex MARINER OPTICAL SS07 Swimming Goggles 8008513081 Online in India, Buy Swimwear Accessories at best price",,"https://assets.myntassets.com/h_1440,q_100,w_1080/v1/assets/images/2284555/2018/2/2/11517571512187-Speedo-Unisex-Swimming-Goggles-721517571512166-1.jpg",, 2299,2284555,Myntra,https://www.myntra.com/swimwear-accessories/speedo/speedo-unisex-mariner-optical-ss07-swimming-goggles-8008513081/2284555/buy
120,Blue Swimming Cap,men-swimwear,"Blue Swimming Cap,  Speedo, Swimwear Accessories, Accessories, Sporting Goods, Sporting Goods for Unisex, Buy Blue Swimming Cap Online in India, Buy Swimwear Accessories at best price",,"https://assets.myntassets.com/h_1440,q_100,w_1080/v1/assets/images/productimage/2018/11/23/7630a166-998d-4f31-ad2b-a6a0bbd8d5f41542982059477-1.jpg",, 999,7898311,Myntra,https://www.myntra.com/swimwear-accessories/speedo/blue-swimming-cap/7898311/buy
121,Grey Swimming Cap,men-swimwear,"Grey Swimming Cap,  Speedo, Swimwear Accessories, Accessories, Sporting Goods, Sporting Goods for Unisex, Buy Grey Swimming Cap Online in India, Buy Swimwear Accessories at best price",,"https://assets.myntassets.com/h_1440,q_100,w_1080/v1/assets/images/productimage/2018/11/24/9b6141ec-c5c8-45f5-9124-db8ecfd102a91543030052409-1.jpg",, 699,7924317,Myntra,https://www.myntra.com/swimwear-accessories/speedo/grey-swimming-cap/7924317/buy
122,Red Swimming Goggles,men-swimwear,"Red Swimming Goggles,  Speedo, Swimwear Accessories, Accessories, Sporting Goods, Sporting Goods for Unisex, Buy Red Swimming Goggles Online in India, Buy Swimwear Accessories at best price",,"https://assets.myntassets.com/h_1440,q_100,w_1080/v1/assets/images/productimage/2018/11/24/da473be6-b084-411e-b073-e52c8291a6611543038884578-1.jpg",, 749,7937057,Myntra,https://www.myntra.com/swimwear-accessories/speedo/red-swimming-goggles/7937057/buy
123,Speedo Men Black Solid BOOM SPLICE Swim Shorts,men-swimwear,"Speedo Men Black Solid BOOM SPLICE Swim Shorts,  Speedo, Swim Bottoms, Apparel Set, Apparel, Apparel for Men, Buy Speedo Men Black Solid BOOM SPLICE Swim Shorts Online in India, Buy Swim Bottoms at best price","53% polyester, 47% PBT polyester","https://assets.myntassets.com/h_1440,q_100,w_1080/v1/assets/images/6888755/2018/12/12/51634382-256d-4fdc-abc1-2424ce70d9dc1544609151018-Speedo-Men-Swimwear-1081544609150275-1.jpg",The model (height 6') is wearing a size M, 1399,6888755,Myntra,https://www.myntra.com/swim-bottoms/speedo/speedo-men-black-solid-boom-splice-swim-shorts/6888755/buy
124,Aquapulse Max Mirror 2 Black Swimming Goggles,men-swimwear,"Aquapulse Max Mirror 2 Black Swimming Goggles,  Speedo, Swimwear Accessories, Accessories, Sporting Goods, Sporting Goods for Unisex, Buy Aquapulse Max Mirror 2 Black Swimming Goggles Online in India, Buy Swimwear Accessories at best price",,"https://assets.myntassets.com/h_1440,q_100,w_1080/v1/assets/images/productimage/2018/11/24/e91c10e6-dba8-4ce5-a0ff-645d7e0e08e91543033493722-1.jpg",, 2399,7929327,Myntra,https://www.myntra.com/swimwear-accessories/speedo/aquapulse-max-mirror-2-black-swimming-goggles/7929327/buy
125,Kappa Men Navy Solid Swim Shorts KP SS18 TRI PRINT,men-swimwear,"Kappa Men Navy Solid Swim Shorts KP SS18 TRI PRINT,  Kappa, Swim Bottoms, Apparel Set, Apparel, Apparel for Men, Buy Kappa Men Navy Solid Swim Shorts KP SS18 TRI PRINT Online in India, Buy Swim Bottoms at best price","80% polyamide, 20% elastane","https://assets.myntassets.com/h_1440,q_100,w_1080/v1/assets/images/6541488/2018/12/15/d77277f0-606a-491e-b67d-b294e77ce7f81544873775258-Kappa-Men-Swimwear-8651544873774331-1.jpg",The model (height 6') is wearing a size M, 539,6541488,Myntra,https://www.myntra.com/swim-bottoms/kappa/kappa-men-navy-solid-swim-shorts-kp-ss18-tri-print/6541488/buy
126,Kappa Men Black Solid Swim Shorts KP SS18 TRI PRINT,men-swimwear,"Kappa Men Black Solid Swim Shorts KP SS18 TRI PRINT,  Kappa, Swim Bottoms, Apparel Set, Apparel, Apparel for Men, Buy Kappa Men Black Solid Swim Shorts KP SS18 TRI PRINT Online in India, Buy Swim Bottoms at best price","80% polyamide, 20% elastane","https://assets.myntassets.com/h_1440,q_100,w_1080/v1/assets/images/6541546/2018/12/15/559da865-d801-4712-b9da-71afaea371ea1544873784193-Kappa-Men-Swimwear-2461544873783410-1.jpg",The model (height 6') is wearing a size M, 539,6541546,Myntra,https://www.myntra.com/swim-bottoms/kappa/kappa-men-black-solid-swim-shorts-kp-ss18-tri-print/6541546/buy
127,Kappa Men Black Solid Swim Shorts KP SS18 FLOAT,men-swimwear,"Kappa Men Black Solid Swim Shorts KP SS18 FLOAT,  Kappa, Swim Bottoms, Apparel Set, Apparel, Apparel for Men, Buy Kappa Men Black Solid Swim Shorts KP SS18 FLOAT Online in India, Buy Swim Bottoms at best price","80% nylon, 20% elastane","https://assets.myntassets.com/h_1440,q_100,w_1080/v1/assets/images/6541493/2018/12/15/0f3dc765-a9d1-4282-ac39-98f8854f18f21544872747112-Kappa-Men-Swimwear-5791544872746068-1.jpg",The model (height 6') is wearing a size M, 419,6541493,Myntra,https://www.myntra.com/swim-bottoms/kappa/kappa-men-black-solid-swim-shorts-kp-ss18-float/6541493/buy
128,ADIDAS Originals Men Black & White Monogram Printed Swim Shorts DH4791,men-swimwear,"ADIDAS Originals Men Black & White Monogram Printed Swim Shorts DH4791,  ADIDAS Originals, Swim Bottoms, Bottomwear, Apparel, Apparel for Men, Buy ADIDAS Originals Men Black & White Monogram Printed Swim Shorts DH4791 Online in India, Buy Swim Bottoms at best price",Shell: 100% polyester,"https://assets.myntassets.com/h_1440,q_100,w_1080/v1/assets/images/7101476/2018/10/6/70efc4ae-0ede-4e0d-b56e-9ff4066bfed71538829661276-Adidas-Originals-Men-Black-Printed-Slim-Fit-Sports-Shorts-4761538829661093-1.jpg",The model (height 6') is wearing a size 31, 2099,7101476,Myntra,https://www.myntra.com/swim-bottoms/adidas-originals/adidas-originals-men-black--white-monogram-printed-swim-shorts-dh4791/7101476/buy
129,Kappa Men Grey Solid Swim Shorts KP SS18 LIQUID,men-swimwear,"Kappa Men Grey Solid Swim Shorts KP SS18 LIQUID,  Kappa, Swim Bottoms, Apparel Set, Apparel, Apparel for Men, Buy Kappa Men Grey Solid Swim Shorts KP SS18 LIQUID Online in India, Buy Swim Bottoms at best price","80% polyamide, 20% elastane","https://assets.myntassets.com/h_1440,q_100,w_1080/v1/assets/images/6541438/2018/12/15/86e6299e-bc32-4ab6-a8f5-c3607a22d8461544873650713-Kappa-Men-Swimwear-1931544873650009-1.jpg",The model (height 6') is wearing a size M, 539,6541438,Myntra,https://www.myntra.com/swim-bottoms/kappa/kappa-men-grey-solid-swim-shorts-kp-ss18-liquid/6541438/buy
